filename,taint result,taint failure reason,is vulnerability,applicable for utbot,not applicability reason,System,`while` cycle,`for` cycle,URLDecoder,Cookie,Runtime,Process,ProcessBuilder,Enumeration,ESAPI,SeparateClassRequest,OWASP Utils,Base64,StringBuilder
BenchmarkTest00006,FALSE,addition of a tainted value to a list does not taint the list,TRUE,TRUE,"",TRUE,FALSE,FALSE,TRUE,FALSE,FALSE,TRUE,TRUE,FALSE,FALSE,FALSE,TRUE,FALSE,FALSE
BenchmarkTest00007,FALSE,creation of an array with a tainted value does not taint the array,TRUE,TRUE,"",FALSE,FALSE,FALSE,TRUE,FALSE,TRUE,TRUE,FALSE,FALSE,TRUE,FALSE,TRUE,FALSE,FALSE
BenchmarkTest00015,FALSE,addition of a tainted value to a list does not taint the list,TRUE,TRUE,"",TRUE,FALSE,FALSE,TRUE,FALSE,FALSE,TRUE,TRUE,TRUE,FALSE,FALSE,TRUE,FALSE,FALSE
BenchmarkTest00017,TRUE,"",TRUE,TRUE,"",TRUE,FALSE,FALSE,TRUE,FALSE,TRUE,TRUE,FALSE,TRUE,TRUE,FALSE,TRUE,FALSE,FALSE
BenchmarkTest00051,FALSE,?,FALSE,TRUE,"",TRUE,FALSE,FALSE,FALSE,FALSE,FALSE,TRUE,TRUE,FALSE,FALSE,TRUE,TRUE,FALSE,FALSE
BenchmarkTest00077,FALSE,usage of an array as a source return does not make the array tainted,TRUE,TRUE,"",TRUE,FALSE,TRUE,TRUE,TRUE,FALSE,TRUE,TRUE,FALSE,FALSE,FALSE,TRUE,FALSE,FALSE
BenchmarkTest00090,FALSE,usage of an array as a source return does not make the array tainted,FALSE,TRUE,"",TRUE,FALSE,TRUE,TRUE,TRUE,TRUE,TRUE,FALSE,FALSE,TRUE,FALSE,TRUE,FALSE,FALSE
BenchmarkTest00091,FALSE,usage of an array as a source return does not make the array tainted,TRUE,TRUE,"",FALSE,FALSE,TRUE,TRUE,TRUE,TRUE,TRUE,FALSE,FALSE,TRUE,FALSE,TRUE,FALSE,FALSE
BenchmarkTest00092,FALSE,usage of an array as a source return does not make the array tainted,TRUE,TRUE,"",FALSE,FALSE,TRUE,TRUE,TRUE,TRUE,TRUE,FALSE,FALSE,TRUE,FALSE,TRUE,FALSE,FALSE
BenchmarkTest00093,FALSE,usage of an array as a source return does not make the array tainted,FALSE,TRUE,"",TRUE,FALSE,TRUE,TRUE,TRUE,TRUE,TRUE,FALSE,FALSE,TRUE,FALSE,TRUE,FALSE,FALSE
BenchmarkTest00158,FALSE,addition of a tainted value to a list does not taint the list,FALSE,TRUE,"",TRUE,FALSE,FALSE,TRUE,FALSE,FALSE,TRUE,TRUE,FALSE,FALSE,FALSE,TRUE,FALSE,FALSE
BenchmarkTest00159,FALSE,creation of an array with a tainted value does not taint the array,TRUE,FALSE,reflection,TRUE,FALSE,FALSE,TRUE,FALSE,FALSE,TRUE,TRUE,FALSE,FALSE,FALSE,TRUE,FALSE,FALSE
BenchmarkTest00171,FALSE,addition of tainted data to a map does not taint the map,FALSE,TRUE,"",TRUE,FALSE,FALSE,TRUE,FALSE,TRUE,TRUE,FALSE,FALSE,TRUE,FALSE,TRUE,FALSE,FALSE
BenchmarkTest00172,FALSE,addition of tainted data to a map does not taint the map,TRUE,TRUE,"",TRUE,FALSE,FALSE,TRUE,FALSE,TRUE,TRUE,FALSE,FALSE,TRUE,FALSE,TRUE,FALSE,FALSE
BenchmarkTest00173,FALSE,addition of tainted data to a map does not taint the map,TRUE,TRUE,"",FALSE,FALSE,FALSE,TRUE,FALSE,TRUE,TRUE,FALSE,FALSE,TRUE,FALSE,TRUE,FALSE,FALSE
BenchmarkTest00174,FALSE,creation of an array with a tainted value does not taint the array,TRUE,FALSE,reflection,FALSE,FALSE,FALSE,TRUE,FALSE,TRUE,TRUE,FALSE,FALSE,TRUE,FALSE,TRUE,FALSE,FALSE
BenchmarkTest00175,FALSE,addition of tainted data to a map does not taint the map,FALSE,TRUE,"",FALSE,FALSE,FALSE,TRUE,FALSE,TRUE,TRUE,FALSE,FALSE,TRUE,FALSE,TRUE,FALSE,FALSE
BenchmarkTest00176,TRUE,"",TRUE,TRUE,"",TRUE,FALSE,FALSE,TRUE,FALSE,TRUE,TRUE,FALSE,FALSE,TRUE,FALSE,TRUE,FALSE,FALSE
BenchmarkTest00177,TRUE,does not rely on actual results of int calculations - overapproximation,FALSE,TRUE,"",TRUE,FALSE,FALSE,TRUE,FALSE,TRUE,TRUE,FALSE,FALSE,TRUE,FALSE,TRUE,FALSE,FALSE
BenchmarkTest00293,FALSE,string decoding operations,TRUE,UNSURE,org.apache.commons.codec.binary.Base64 no class def + utbot fails on this example,TRUE,FALSE,FALSE,TRUE,FALSE,FALSE,TRUE,TRUE,TRUE,FALSE,FALSE,TRUE,TRUE,FALSE
BenchmarkTest00294,FALSE,addition of a tainted value to a list does not taint the list,TRUE,TRUE,"",TRUE,FALSE,FALSE,TRUE,FALSE,FALSE,TRUE,TRUE,TRUE,FALSE,FALSE,TRUE,FALSE,FALSE
BenchmarkTest00295,FALSE,creation of an array with a tainted value does not taint the array,TRUE,TRUE,"",TRUE,FALSE,FALSE,TRUE,FALSE,FALSE,TRUE,TRUE,TRUE,FALSE,FALSE,TRUE,FALSE,FALSE
BenchmarkTest00302,TRUE,"",TRUE,TRUE,"",TRUE,FALSE,FALSE,TRUE,FALSE,TRUE,TRUE,FALSE,TRUE,TRUE,FALSE,TRUE,FALSE,FALSE
BenchmarkTest00303,FALSE,string decoding operations,TRUE,UNSURE,org.apache.commons.codec.binary.Base64 no class def + utbot fails on this example,TRUE,FALSE,FALSE,TRUE,FALSE,TRUE,TRUE,FALSE,TRUE,TRUE,FALSE,TRUE,TRUE,FALSE
BenchmarkTest00304,FALSE,addition of tainted data into a list does not taint the list,TRUE,TRUE,"",TRUE,FALSE,FALSE,TRUE,FALSE,TRUE,TRUE,FALSE,TRUE,TRUE,FALSE,TRUE,FALSE,FALSE
BenchmarkTest00305,FALSE,difficult dataflow,FALSE,FALSE,org.apache.commons.codec.binary.Base64 no class def + utbot fails on this example + reflection,TRUE,FALSE,FALSE,TRUE,FALSE,TRUE,TRUE,FALSE,TRUE,TRUE,FALSE,TRUE,TRUE,TRUE
BenchmarkTest00306,FALSE,creation of an array with a tainted value does not taint the array,TRUE,TRUE,"",TRUE,FALSE,FALSE,TRUE,FALSE,TRUE,TRUE,FALSE,TRUE,TRUE,FALSE,TRUE,FALSE,FALSE
BenchmarkTest00307,FALSE,addition of tainted data into a list does not taint the list,FALSE,TRUE,"",TRUE,FALSE,FALSE,TRUE,FALSE,TRUE,TRUE,FALSE,TRUE,TRUE,FALSE,TRUE,FALSE,FALSE
BenchmarkTest00308,TRUE,does not rely on actual results of int calculations - overapproximation,FALSE,TRUE,"",TRUE,FALSE,FALSE,TRUE,FALSE,TRUE,TRUE,FALSE,TRUE,TRUE,FALSE,TRUE,FALSE,FALSE
BenchmarkTest00309,FALSE,addition of tainted data to a map does not taint the map,FALSE,TRUE,"",FALSE,FALSE,FALSE,TRUE,FALSE,TRUE,TRUE,FALSE,TRUE,TRUE,FALSE,TRUE,FALSE,FALSE
BenchmarkTest00310,TRUE,does not rely on the actual value that is picked via charAt(idx) - overapproximation,FALSE,TRUE,"",TRUE,FALSE,FALSE,TRUE,FALSE,TRUE,TRUE,FALSE,TRUE,TRUE,FALSE,TRUE,FALSE,FALSE
BenchmarkTest00311,FALSE,creation of an array with a tainted value does not taint the array,TRUE,TRUE,"",TRUE,FALSE,FALSE,TRUE,FALSE,TRUE,TRUE,FALSE,TRUE,TRUE,FALSE,TRUE,FALSE,FALSE
BenchmarkTest00396,FALSE,creation of an array with a tainted value does not taint the array,FALSE,TRUE,"",TRUE,FALSE,FALSE,FALSE,FALSE,FALSE,TRUE,TRUE,FALSE,FALSE,FALSE,TRUE,FALSE,FALSE
BenchmarkTest00406,FALSE,creation of an array with a tainted value does not taint the array,FALSE,TRUE,"",TRUE,FALSE,FALSE,FALSE,FALSE,TRUE,TRUE,FALSE,FALSE,TRUE,FALSE,TRUE,FALSE,FALSE
BenchmarkTest00407,FALSE,addition of tainted data into a list does not taint the list,TRUE,TRUE,"",TRUE,FALSE,FALSE,FALSE,FALSE,TRUE,TRUE,FALSE,FALSE,TRUE,FALSE,TRUE,FALSE,FALSE
BenchmarkTest00408,FALSE,creation of an array with a tainted value does not taint the array,FALSE,TRUE,"",TRUE,FALSE,FALSE,FALSE,FALSE,TRUE,TRUE,FALSE,FALSE,TRUE,FALSE,TRUE,FALSE,FALSE
BenchmarkTest00409,FALSE,creation of an array with a tainted value does not taint the array,TRUE,TRUE,"",TRUE,FALSE,FALSE,FALSE,FALSE,TRUE,TRUE,FALSE,FALSE,TRUE,FALSE,TRUE,FALSE,FALSE
BenchmarkTest00410,FALSE,addition of tainted data to a map does not taint the map,FALSE,TRUE,"",FALSE,FALSE,FALSE,FALSE,FALSE,TRUE,TRUE,FALSE,FALSE,TRUE,FALSE,TRUE,FALSE,FALSE
BenchmarkTest00411,FALSE,difficult dataflow,FALSE,FALSE,org.apache.commons.codec.binary.Base64 no class def + utbot fails on this example + reflection,FALSE,FALSE,FALSE,FALSE,FALSE,TRUE,TRUE,FALSE,FALSE,TRUE,FALSE,TRUE,TRUE,TRUE
BenchmarkTest00412,FALSE,addition of tainted data into a list does not taint the list,FALSE,TRUE,"",TRUE,FALSE,FALSE,FALSE,FALSE,TRUE,TRUE,FALSE,FALSE,TRUE,FALSE,TRUE,FALSE,FALSE
BenchmarkTest00480,FALSE,data access from a tainted array does not make data tainted,TRUE,TRUE,"",TRUE,FALSE,FALSE,FALSE,FALSE,FALSE,TRUE,TRUE,FALSE,FALSE,FALSE,TRUE,FALSE,FALSE
BenchmarkTest00481,FALSE,data access from a tainted array does not make data tainted,FALSE,TRUE,"",TRUE,FALSE,FALSE,FALSE,FALSE,FALSE,TRUE,TRUE,FALSE,FALSE,FALSE,TRUE,FALSE,FALSE
BenchmarkTest00494,FALSE,data access from a tainted array does not make data tainted,FALSE,TRUE,"",TRUE,FALSE,FALSE,FALSE,FALSE,TRUE,TRUE,FALSE,FALSE,TRUE,FALSE,TRUE,FALSE,FALSE
BenchmarkTest00495,FALSE,data access from a tainted array does not make data tainted,TRUE,TRUE,"",FALSE,FALSE,FALSE,FALSE,FALSE,TRUE,TRUE,FALSE,FALSE,TRUE,FALSE,TRUE,FALSE,FALSE
BenchmarkTest00496,FALSE,data access from a tainted array does not make data tainted,TRUE,UNSURE,org.apache.commons.codec.binary.Base64 no class def + utbot fails on this example,FALSE,FALSE,FALSE,FALSE,FALSE,TRUE,TRUE,FALSE,FALSE,TRUE,FALSE,TRUE,TRUE,FALSE
BenchmarkTest00497,FALSE,data access from a tainted array does not make data tainted,TRUE,TRUE,"",FALSE,FALSE,FALSE,FALSE,FALSE,TRUE,TRUE,FALSE,FALSE,TRUE,FALSE,TRUE,FALSE,FALSE
BenchmarkTest00498,FALSE,data access from a tainted array does not make data tainted,TRUE,UNSURE,org.apache.commons.codec.binary.Base64 no class def + utbot fails on this example,TRUE,FALSE,FALSE,FALSE,FALSE,TRUE,TRUE,FALSE,FALSE,TRUE,FALSE,TRUE,TRUE,FALSE
BenchmarkTest00499,FALSE,data access from a tainted array does not make data tainted,TRUE,TRUE,"",TRUE,FALSE,FALSE,FALSE,FALSE,TRUE,TRUE,FALSE,FALSE,TRUE,FALSE,TRUE,FALSE,FALSE
BenchmarkTest00500,FALSE,data access from a tainted array does not make data tainted,TRUE,TRUE,"",TRUE,FALSE,FALSE,FALSE,FALSE,TRUE,TRUE,FALSE,FALSE,TRUE,FALSE,TRUE,FALSE,FALSE
BenchmarkTest00558,FALSE,usage of an array as a source return does not make the array tainted,FALSE,TRUE,"",TRUE,TRUE,TRUE,FALSE,FALSE,FALSE,TRUE,TRUE,TRUE,FALSE,FALSE,TRUE,FALSE,FALSE
BenchmarkTest00559,FALSE,usage of an array as a source return does not make the array tainted,FALSE,FALSE,org.apache.commons.codec.binary.Base64 no class def + utbot fails on this example + reflection,TRUE,TRUE,TRUE,FALSE,FALSE,FALSE,TRUE,TRUE,TRUE,FALSE,FALSE,TRUE,TRUE,TRUE
BenchmarkTest00567,FALSE,usage of an array as a source return does not make the array tainted,TRUE,UNSURE,org.apache.commons.codec.binary.Base64 no class def + utbot fails on this example,TRUE,TRUE,TRUE,FALSE,FALSE,TRUE,TRUE,FALSE,TRUE,TRUE,FALSE,TRUE,TRUE,FALSE
BenchmarkTest00568,FALSE,usage of an array as a source return does not make the array tainted,TRUE,FALSE,reflection,TRUE,TRUE,TRUE,FALSE,FALSE,TRUE,TRUE,FALSE,TRUE,TRUE,FALSE,TRUE,FALSE,FALSE
BenchmarkTest00569,FALSE,usage of an array as a source return does not make the array tainted,FALSE,FALSE,org.apache.commons.codec.binary.Base64 no class def + utbot fails on this example + reflection,TRUE,TRUE,TRUE,FALSE,FALSE,TRUE,TRUE,FALSE,TRUE,TRUE,FALSE,TRUE,TRUE,TRUE
BenchmarkTest00570,FALSE,usage of an array as a source return does not make the array tainted,FALSE,TRUE,"",TRUE,TRUE,TRUE,FALSE,FALSE,TRUE,TRUE,FALSE,TRUE,TRUE,FALSE,TRUE,FALSE,FALSE
BenchmarkTest00571,FALSE,usage of an array as a source return does not make the array tainted,FALSE,TRUE,"",TRUE,TRUE,TRUE,FALSE,FALSE,TRUE,TRUE,FALSE,TRUE,TRUE,FALSE,TRUE,FALSE,FALSE
BenchmarkTest00572,FALSE,usage of an array as a source return does not make the array tainted,FALSE,TRUE,"",TRUE,TRUE,TRUE,FALSE,FALSE,TRUE,TRUE,FALSE,TRUE,TRUE,FALSE,TRUE,FALSE,FALSE
BenchmarkTest00573,FALSE,usage of an array as a source return does not make the array tainted,TRUE,TRUE,"",FALSE,TRUE,TRUE,FALSE,FALSE,TRUE,TRUE,FALSE,TRUE,TRUE,FALSE,TRUE,FALSE,FALSE
BenchmarkTest00574,FALSE,usage of an array as a source return does not make the array tainted,TRUE,TRUE,"",FALSE,TRUE,TRUE,FALSE,FALSE,TRUE,TRUE,FALSE,TRUE,TRUE,FALSE,TRUE,FALSE,FALSE
BenchmarkTest00575,FALSE,usage of an array as a source return does not make the array tainted,TRUE,TRUE,"",TRUE,TRUE,TRUE,FALSE,FALSE,TRUE,TRUE,FALSE,TRUE,TRUE,FALSE,TRUE,FALSE,FALSE
BenchmarkTest00576,FALSE,usage of an array as a source return does not make the array tainted,TRUE,FALSE,reflection,TRUE,TRUE,TRUE,FALSE,FALSE,TRUE,TRUE,FALSE,TRUE,TRUE,FALSE,TRUE,FALSE,FALSE
BenchmarkTest00657,FALSE,addition of tainted data to a map does not taint the map,FALSE,TRUE,"",TRUE,FALSE,FALSE,FALSE,FALSE,TRUE,TRUE,FALSE,FALSE,TRUE,TRUE,TRUE,FALSE,FALSE
BenchmarkTest00658,TRUE,does not rely on actual results of int calculations - overapproximation,FALSE,TRUE,"",TRUE,FALSE,FALSE,FALSE,FALSE,TRUE,TRUE,FALSE,FALSE,TRUE,TRUE,TRUE,FALSE,FALSE
BenchmarkTest00659,TRUE,does not rely on the actual value that is picked via charAt(idx) - overapproximation,FALSE,TRUE,"",TRUE,FALSE,FALSE,FALSE,FALSE,TRUE,TRUE,FALSE,FALSE,TRUE,TRUE,TRUE,FALSE,FALSE
BenchmarkTest00731,FALSE,usage of an array as a source return does not make the array tainted,TRUE,TRUE,"",TRUE,FALSE,FALSE,FALSE,FALSE,FALSE,TRUE,TRUE,FALSE,FALSE,FALSE,TRUE,FALSE,FALSE
BenchmarkTest00732,FALSE,usage of an array as a source return does not make the array tainted,FALSE,TRUE,"",TRUE,FALSE,FALSE,FALSE,FALSE,FALSE,TRUE,TRUE,FALSE,FALSE,FALSE,TRUE,FALSE,FALSE
BenchmarkTest00738,FALSE,usage of an array as a source return does not make the array tainted,FALSE,TRUE,"",TRUE,FALSE,FALSE,FALSE,FALSE,TRUE,TRUE,FALSE,FALSE,TRUE,FALSE,TRUE,FALSE,FALSE
BenchmarkTest00739,FALSE,usage of an array as a source return does not make the array tainted,FALSE,TRUE,"",TRUE,FALSE,FALSE,FALSE,FALSE,TRUE,TRUE,FALSE,FALSE,TRUE,FALSE,TRUE,FALSE,FALSE
BenchmarkTest00740,FALSE,usage of an array as a source return does not make the array tainted,TRUE,TRUE,"",FALSE,FALSE,FALSE,FALSE,FALSE,TRUE,TRUE,FALSE,FALSE,TRUE,FALSE,TRUE,FALSE,FALSE
BenchmarkTest00741,FALSE,usage of an array as a source return does not make the array tainted,FALSE,TRUE,"",TRUE,FALSE,FALSE,FALSE,FALSE,TRUE,TRUE,FALSE,FALSE,TRUE,FALSE,TRUE,FALSE,FALSE
BenchmarkTest00742,FALSE,usage of an array as a source return does not make the array tainted,FALSE,TRUE,"",TRUE,FALSE,FALSE,FALSE,FALSE,TRUE,TRUE,FALSE,FALSE,TRUE,FALSE,TRUE,FALSE,FALSE
BenchmarkTest00743,FALSE,usage of an array as a source return does not make the array tainted,FALSE,TRUE,"",TRUE,FALSE,FALSE,FALSE,FALSE,TRUE,TRUE,FALSE,FALSE,TRUE,FALSE,TRUE,FALSE,FALSE
BenchmarkTest00814,FALSE,addition of a tainted value to a list does not taint the list,FALSE,FALSE,difficult string manipulation + org.apache.commons.codec.binary.Base64 no class def,TRUE,FALSE,FALSE,TRUE,FALSE,FALSE,TRUE,TRUE,FALSE,FALSE,FALSE,TRUE,FALSE,FALSE
BenchmarkTest00815,FALSE,creation of an array with a tainted value does not taint the array,TRUE,FALSE,difficult string manipulation + org.apache.commons.codec.binary.Base64 no class def,TRUE,FALSE,FALSE,TRUE,FALSE,FALSE,TRUE,TRUE,FALSE,FALSE,FALSE,TRUE,FALSE,FALSE
BenchmarkTest00816,FALSE,addition of tainted data to a map does not taint the map,TRUE,FALSE,difficult string manipulation + org.apache.commons.codec.binary.Base64 no class def,TRUE,FALSE,FALSE,TRUE,FALSE,FALSE,TRUE,TRUE,FALSE,FALSE,FALSE,TRUE,FALSE,FALSE
BenchmarkTest00823,FALSE,addition of tainted data into a list does not taint the list,TRUE,FALSE,difficult string manipulation + org.apache.commons.codec.binary.Base64 no class def,FALSE,FALSE,FALSE,TRUE,FALSE,TRUE,TRUE,FALSE,FALSE,TRUE,FALSE,TRUE,FALSE,FALSE
BenchmarkTest00824,FALSE,addition of tainted data to a map does not taint the map,TRUE,FALSE,difficult string manipulation + org.apache.commons.codec.binary.Base64 no class def,TRUE,FALSE,FALSE,TRUE,FALSE,TRUE,TRUE,FALSE,FALSE,TRUE,FALSE,TRUE,FALSE,FALSE
BenchmarkTest00825,FALSE,creation of an array with a tainted value does not taint the array,TRUE,FALSE,difficult string manipulation + reflection,TRUE,FALSE,FALSE,TRUE,FALSE,TRUE,TRUE,FALSE,FALSE,TRUE,FALSE,TRUE,FALSE,FALSE
BenchmarkTest00826,TRUE,does not rely on actual results of int calculations - overapproximation,FALSE,FALSE,difficult string manipulation + org.apache.commons.codec.binary.Base64 no class def,TRUE,FALSE,FALSE,TRUE,FALSE,TRUE,TRUE,FALSE,FALSE,TRUE,FALSE,TRUE,FALSE,FALSE
BenchmarkTest00827,FALSE,addition of tainted data into a list does not taint the list,FALSE,FALSE,difficult string manipulation + org.apache.commons.codec.binary.Base64 no class def,TRUE,FALSE,FALSE,TRUE,FALSE,TRUE,TRUE,FALSE,FALSE,TRUE,FALSE,TRUE,FALSE,FALSE
BenchmarkTest00895,FALSE,addition of tainted data into a list does not taint the list,FALSE,TRUE,"",TRUE,FALSE,FALSE,FALSE,FALSE,FALSE,TRUE,TRUE,FALSE,FALSE,TRUE,TRUE,FALSE,FALSE
BenchmarkTest00896,FALSE,addition of a tainted value to a list does not taint the list,FALSE,TRUE,"",TRUE,FALSE,FALSE,FALSE,FALSE,FALSE,TRUE,TRUE,FALSE,FALSE,TRUE,TRUE,FALSE,FALSE
BenchmarkTest00897,FALSE,creation of an array with a tainted value does not taint the array,FALSE,TRUE,"",TRUE,FALSE,FALSE,FALSE,FALSE,FALSE,TRUE,TRUE,FALSE,FALSE,TRUE,TRUE,FALSE,FALSE
BenchmarkTest00905,FALSE,creation of an array with a tainted value does not taint the array,FALSE,TRUE,"",TRUE,FALSE,FALSE,FALSE,FALSE,TRUE,TRUE,FALSE,FALSE,TRUE,TRUE,TRUE,FALSE,FALSE
BenchmarkTest00906,FALSE,string decoding operations,FALSE,UNSURE,org.apache.commons.codec.binary.Base64 no class def + utbot fails on this example,TRUE,FALSE,FALSE,FALSE,FALSE,TRUE,TRUE,FALSE,FALSE,TRUE,TRUE,TRUE,TRUE,FALSE
BenchmarkTest00907,FALSE,creation of an array with a tainted value does not taint the array,FALSE,TRUE,"",TRUE,FALSE,FALSE,FALSE,FALSE,TRUE,TRUE,FALSE,FALSE,TRUE,TRUE,TRUE,FALSE,FALSE
BenchmarkTest00908,FALSE,creation of an array with a tainted value does not taint the array,FALSE,TRUE,"",FALSE,FALSE,FALSE,FALSE,FALSE,TRUE,TRUE,FALSE,FALSE,TRUE,TRUE,TRUE,FALSE,FALSE
BenchmarkTest00909,FALSE,creation of an array with a tainted value does not taint the array,FALSE,TRUE,"",TRUE,FALSE,FALSE,FALSE,FALSE,TRUE,TRUE,FALSE,FALSE,TRUE,TRUE,TRUE,FALSE,FALSE
BenchmarkTest00910,TRUE,does not rely on actual results of int calculations - overapproximation,FALSE,TRUE,"",TRUE,FALSE,FALSE,FALSE,FALSE,TRUE,TRUE,FALSE,FALSE,TRUE,TRUE,TRUE,FALSE,FALSE
BenchmarkTest00968,FALSE,usage of an array as a source return does not make the array tainted,TRUE,TRUE,"",TRUE,FALSE,TRUE,TRUE,TRUE,FALSE,TRUE,TRUE,FALSE,FALSE,FALSE,TRUE,FALSE,FALSE
BenchmarkTest00969,FALSE,usage of an array as a source return does not make the array tainted,FALSE,FALSE,org.apache.commons.codec.binary.Base64 no class def + utbot fails on this example + reflection,TRUE,FALSE,TRUE,TRUE,TRUE,FALSE,TRUE,TRUE,FALSE,FALSE,FALSE,TRUE,TRUE,TRUE
BenchmarkTest00970,FALSE,usage of an array as a source return does not make the array tainted,FALSE,TRUE,"",TRUE,FALSE,TRUE,TRUE,TRUE,FALSE,TRUE,TRUE,FALSE,FALSE,FALSE,TRUE,FALSE,FALSE
BenchmarkTest00978,FALSE,usage of an array as a source return does not make the array tainted,FALSE,FALSE,org.apache.commons.codec.binary.Base64 no class def + utbot fails on this example + reflection,TRUE,FALSE,TRUE,TRUE,TRUE,TRUE,TRUE,FALSE,FALSE,TRUE,FALSE,TRUE,TRUE,TRUE
BenchmarkTest00979,FALSE,usage of an array as a source return does not make the array tainted,TRUE,TRUE,"",TRUE,FALSE,TRUE,TRUE,TRUE,TRUE,TRUE,FALSE,FALSE,TRUE,FALSE,TRUE,FALSE,FALSE
BenchmarkTest00980,FALSE,usage of an array as a source return does not make the array tainted,FALSE,TRUE,"",FALSE,FALSE,TRUE,TRUE,TRUE,TRUE,TRUE,FALSE,FALSE,TRUE,FALSE,TRUE,FALSE,FALSE
BenchmarkTest00981,FALSE,usage of an array as a source return does not make the array tainted,TRUE,TRUE,"",TRUE,FALSE,TRUE,TRUE,TRUE,TRUE,TRUE,FALSE,FALSE,TRUE,FALSE,TRUE,FALSE,FALSE
BenchmarkTest00982,FALSE,usage of an array as a source return does not make the array tainted,FALSE,TRUE,"",TRUE,FALSE,TRUE,TRUE,TRUE,TRUE,TRUE,FALSE,FALSE,TRUE,FALSE,TRUE,FALSE,FALSE
BenchmarkTest00983,FALSE,usage of an array as a source return does not make the array tainted,TRUE,TRUE,"",FALSE,FALSE,TRUE,TRUE,TRUE,TRUE,TRUE,FALSE,FALSE,TRUE,FALSE,TRUE,FALSE,FALSE
BenchmarkTest01064,FALSE,addition of tainted data to a map does not taint the map,TRUE,TRUE,"",TRUE,FALSE,FALSE,TRUE,FALSE,TRUE,TRUE,FALSE,FALSE,TRUE,FALSE,TRUE,FALSE,FALSE
BenchmarkTest01065,FALSE,creation of an array with a tainted value does not taint the array,FALSE,TRUE,"",TRUE,FALSE,FALSE,TRUE,FALSE,TRUE,TRUE,FALSE,FALSE,TRUE,FALSE,TRUE,FALSE,FALSE
BenchmarkTest01066,FALSE,creation of an array with a tainted value does not taint the array,TRUE,UNSURE,org.apache.commons.codec.binary.Base64 no class def + utbot fails on this example,FALSE,FALSE,FALSE,TRUE,FALSE,TRUE,TRUE,FALSE,FALSE,TRUE,FALSE,TRUE,TRUE,FALSE
BenchmarkTest01067,FALSE,addition of tainted data into a list does not taint the list,FALSE,TRUE,"",FALSE,FALSE,FALSE,TRUE,FALSE,TRUE,TRUE,FALSE,FALSE,TRUE,FALSE,TRUE,FALSE,FALSE
BenchmarkTest01068,TRUE,does not rely on actual results of int calculations - overapproximation,FALSE,TRUE,"",TRUE,FALSE,FALSE,TRUE,FALSE,TRUE,TRUE,FALSE,FALSE,TRUE,FALSE,TRUE,FALSE,FALSE
BenchmarkTest01182,FALSE,addition of tainted data into a list does not taint the list,FALSE,TRUE,"",TRUE,FALSE,FALSE,TRUE,FALSE,FALSE,TRUE,TRUE,TRUE,FALSE,FALSE,TRUE,FALSE,FALSE
BenchmarkTest01189,FALSE,creation of an array with a tainted value does not taint the array,FALSE,TRUE,"",TRUE,FALSE,FALSE,TRUE,FALSE,TRUE,TRUE,FALSE,TRUE,TRUE,FALSE,TRUE,FALSE,FALSE
BenchmarkTest01190,FALSE,creation of an array with a tainted value does not taint the array,TRUE,TRUE,"",FALSE,FALSE,FALSE,TRUE,FALSE,TRUE,TRUE,FALSE,TRUE,TRUE,FALSE,TRUE,FALSE,FALSE
BenchmarkTest01191,FALSE,creation of an array with a tainted value does not taint the array,TRUE,FALSE,reflection,FALSE,FALSE,FALSE,TRUE,FALSE,TRUE,TRUE,FALSE,TRUE,TRUE,FALSE,TRUE,FALSE,FALSE
BenchmarkTest01192,FALSE,creation of an array with a tainted value does not taint the array,TRUE,TRUE,"",FALSE,FALSE,FALSE,TRUE,FALSE,TRUE,TRUE,FALSE,TRUE,TRUE,FALSE,TRUE,FALSE,FALSE
BenchmarkTest01193,FALSE,creation of an array with a tainted value does not taint the array,FALSE,TRUE,"",TRUE,FALSE,FALSE,TRUE,FALSE,TRUE,TRUE,FALSE,TRUE,TRUE,FALSE,TRUE,FALSE,FALSE
BenchmarkTest01194,TRUE,"",TRUE,TRUE,"",TRUE,FALSE,FALSE,TRUE,FALSE,TRUE,TRUE,FALSE,TRUE,TRUE,FALSE,TRUE,FALSE,FALSE
BenchmarkTest01269,FALSE,creation of an array with a tainted value does not taint the array,FALSE,TRUE,"",TRUE,FALSE,FALSE,FALSE,FALSE,FALSE,TRUE,TRUE,FALSE,FALSE,FALSE,TRUE,FALSE,FALSE
BenchmarkTest01270,FALSE,creation of an array with a tainted value does not taint the array,TRUE,TRUE,"",TRUE,FALSE,FALSE,FALSE,FALSE,FALSE,TRUE,TRUE,FALSE,FALSE,FALSE,TRUE,FALSE,FALSE
BenchmarkTest01285,FALSE,addition of tainted data into a list does not taint the list,TRUE,TRUE,"",TRUE,FALSE,FALSE,FALSE,FALSE,TRUE,TRUE,FALSE,FALSE,TRUE,FALSE,TRUE,FALSE,FALSE
BenchmarkTest01286,FALSE,addition of tainted data into a list does not taint the list,TRUE,TRUE,"",TRUE,FALSE,FALSE,FALSE,FALSE,TRUE,TRUE,FALSE,FALSE,TRUE,FALSE,TRUE,FALSE,FALSE
BenchmarkTest01287,FALSE,creation of an array with a tainted value does not taint the array,TRUE,UNSURE,org.apache.commons.codec.binary.Base64 no class def + utbot fails on this example,FALSE,FALSE,FALSE,FALSE,FALSE,TRUE,TRUE,FALSE,FALSE,TRUE,FALSE,TRUE,TRUE,FALSE
BenchmarkTest01288,FALSE,addition of tainted data to a map does not taint the map,TRUE,TRUE,"",TRUE,FALSE,FALSE,FALSE,FALSE,TRUE,TRUE,FALSE,FALSE,TRUE,FALSE,TRUE,FALSE,FALSE
BenchmarkTest01289,FALSE,addition of tainted data into a list does not taint the list,FALSE,TRUE,"",TRUE,FALSE,FALSE,FALSE,FALSE,TRUE,TRUE,FALSE,FALSE,TRUE,FALSE,TRUE,FALSE,FALSE
BenchmarkTest01290,FALSE,creation of an array with a tainted value does not taint the array,FALSE,TRUE,"",FALSE,FALSE,FALSE,FALSE,FALSE,TRUE,TRUE,FALSE,FALSE,TRUE,FALSE,TRUE,FALSE,FALSE
BenchmarkTest01353,FALSE,data access from a tainted array does not make data tainted,FALSE,TRUE,"",TRUE,FALSE,FALSE,FALSE,FALSE,FALSE,TRUE,TRUE,FALSE,FALSE,FALSE,TRUE,FALSE,FALSE
BenchmarkTest01360,FALSE,data access from a tainted array does not make data tainted,TRUE,TRUE,"",TRUE,FALSE,FALSE,FALSE,FALSE,TRUE,TRUE,FALSE,FALSE,TRUE,FALSE,TRUE,FALSE,FALSE
BenchmarkTest01361,FALSE,data access from a tainted array does not make data tainted,TRUE,TRUE,"",FALSE,FALSE,FALSE,FALSE,FALSE,TRUE,TRUE,FALSE,FALSE,TRUE,FALSE,TRUE,FALSE,FALSE
BenchmarkTest01362,FALSE,data access from a tainted array does not make data tainted,TRUE,TRUE,"",TRUE,FALSE,FALSE,FALSE,FALSE,TRUE,TRUE,FALSE,FALSE,TRUE,FALSE,TRUE,FALSE,FALSE
BenchmarkTest01363,FALSE,data access from a tainted array does not make data tainted,TRUE,UNSURE,org.apache.commons.codec.binary.Base64 no class def + utbot fails on this example,FALSE,FALSE,FALSE,FALSE,FALSE,TRUE,TRUE,FALSE,FALSE,TRUE,FALSE,TRUE,TRUE,FALSE
BenchmarkTest01364,FALSE,data access from a tainted array does not make data tainted,FALSE,TRUE,"",FALSE,FALSE,FALSE,FALSE,FALSE,TRUE,TRUE,FALSE,FALSE,TRUE,FALSE,TRUE,FALSE,FALSE
BenchmarkTest01365,FALSE,data access from a tainted array does not make data tainted,FALSE,TRUE,"",TRUE,FALSE,FALSE,FALSE,FALSE,TRUE,TRUE,FALSE,FALSE,TRUE,FALSE,TRUE,FALSE,FALSE
BenchmarkTest01430,FALSE,usage of an array as a source return does not make the array tainted,TRUE,UNSURE,org.apache.commons.codec.binary.Base64 no class def + utbot fails on this example,TRUE,TRUE,TRUE,FALSE,FALSE,FALSE,TRUE,TRUE,TRUE,FALSE,FALSE,TRUE,TRUE,FALSE
BenchmarkTest01440,FALSE,usage of an array as a source return does not make the array tainted,FALSE,TRUE,"",TRUE,TRUE,TRUE,FALSE,FALSE,TRUE,TRUE,FALSE,TRUE,TRUE,FALSE,TRUE,FALSE,FALSE
BenchmarkTest01441,FALSE,usage of an array as a source return does not make the array tainted,TRUE,FALSE,reflection,TRUE,TRUE,TRUE,FALSE,FALSE,TRUE,TRUE,FALSE,TRUE,TRUE,FALSE,TRUE,FALSE,FALSE
BenchmarkTest01442,FALSE,usage of an array as a source return does not make the array tainted,TRUE,TRUE,"",FALSE,TRUE,TRUE,FALSE,FALSE,TRUE,TRUE,FALSE,TRUE,TRUE,FALSE,TRUE,FALSE,FALSE
BenchmarkTest01443,FALSE,usage of an array as a source return does not make the array tainted,FALSE,TRUE,"",TRUE,TRUE,TRUE,FALSE,FALSE,TRUE,TRUE,FALSE,TRUE,TRUE,FALSE,TRUE,FALSE,FALSE
BenchmarkTest01444,FALSE,usage of an array as a source return does not make the array tainted,FALSE,TRUE,"",FALSE,TRUE,TRUE,FALSE,FALSE,TRUE,TRUE,FALSE,TRUE,TRUE,FALSE,TRUE,FALSE,FALSE
BenchmarkTest01445,FALSE,usage of an array as a source return does not make the array tainted,FALSE,TRUE,"",FALSE,TRUE,TRUE,FALSE,FALSE,TRUE,TRUE,FALSE,TRUE,TRUE,FALSE,TRUE,FALSE,FALSE
BenchmarkTest01446,FALSE,usage of an array as a source return does not make the array tainted,TRUE,UNSURE,org.apache.commons.codec.binary.Base64 no class def + utbot fails on this example,TRUE,TRUE,TRUE,FALSE,FALSE,TRUE,TRUE,FALSE,TRUE,TRUE,FALSE,TRUE,TRUE,FALSE
BenchmarkTest01516,FALSE,creation of an array with a tainted value does not taint the array,FALSE,FALSE,org.apache.commons.codec.binary.Base64 no class def + utbot fails on this example + reflection,TRUE,FALSE,FALSE,FALSE,FALSE,FALSE,TRUE,TRUE,FALSE,FALSE,TRUE,TRUE,TRUE,TRUE
BenchmarkTest01517,FALSE,creation of an array with a tainted value does not taint the array,TRUE,TRUE,"",TRUE,FALSE,FALSE,FALSE,FALSE,FALSE,TRUE,TRUE,FALSE,FALSE,TRUE,TRUE,FALSE,FALSE
BenchmarkTest01526,TRUE,does not rely on actual results of int calculations - overapproximation,FALSE,TRUE,"",TRUE,FALSE,FALSE,FALSE,FALSE,TRUE,TRUE,FALSE,FALSE,TRUE,TRUE,TRUE,FALSE,FALSE
BenchmarkTest01527,TRUE,does not rely on actual results of int calculations - overapproximation,FALSE,TRUE,"",TRUE,FALSE,FALSE,FALSE,FALSE,TRUE,TRUE,FALSE,FALSE,TRUE,TRUE,TRUE,FALSE,FALSE
BenchmarkTest01528,TRUE,does not rely on the actual value that is picked via charAt(idx) - overapproximation,FALSE,TRUE,"",TRUE,FALSE,FALSE,FALSE,FALSE,TRUE,TRUE,FALSE,FALSE,TRUE,TRUE,TRUE,FALSE,FALSE
BenchmarkTest01529,FALSE,creation of an array with a tainted value does not taint the array,FALSE,TRUE,"",TRUE,FALSE,FALSE,FALSE,FALSE,TRUE,TRUE,FALSE,FALSE,TRUE,TRUE,TRUE,FALSE,FALSE
BenchmarkTest01530,FALSE,addition of tainted data into a list does not taint the list,FALSE,TRUE,"",TRUE,FALSE,FALSE,FALSE,FALSE,TRUE,TRUE,FALSE,FALSE,TRUE,TRUE,TRUE,FALSE,FALSE
BenchmarkTest01531,FALSE,addition of tainted data into a list does not taint the list,TRUE,TRUE,"",FALSE,FALSE,FALSE,FALSE,FALSE,TRUE,TRUE,FALSE,FALSE,TRUE,TRUE,TRUE,FALSE,FALSE
BenchmarkTest01532,TRUE,does not rely on actual results of int calculations - overapproximation,FALSE,TRUE,"",TRUE,FALSE,FALSE,FALSE,FALSE,TRUE,TRUE,FALSE,FALSE,TRUE,TRUE,TRUE,FALSE,FALSE
BenchmarkTest01533,FALSE,creation of an array with a tainted value does not taint the array,TRUE,UNSURE,org.apache.commons.codec.binary.Base64 no class def + utbot fails on this example,TRUE,FALSE,FALSE,FALSE,FALSE,TRUE,TRUE,FALSE,FALSE,TRUE,TRUE,TRUE,TRUE,FALSE
BenchmarkTest01600,FALSE,usage of an array as a source return does not make the array tainted,FALSE,TRUE,"",TRUE,FALSE,FALSE,FALSE,FALSE,FALSE,TRUE,TRUE,FALSE,FALSE,FALSE,TRUE,FALSE,FALSE
BenchmarkTest01601,FALSE,usage of an array as a source return does not make the array tainted,TRUE,TRUE,"",TRUE,FALSE,FALSE,FALSE,FALSE,FALSE,TRUE,TRUE,FALSE,FALSE,FALSE,TRUE,FALSE,FALSE
BenchmarkTest01606,FALSE,usage of an array as a source return does not make the array tainted,FALSE,TRUE,"",TRUE,FALSE,FALSE,FALSE,FALSE,TRUE,TRUE,FALSE,FALSE,TRUE,FALSE,TRUE,FALSE,FALSE
BenchmarkTest01607,FALSE,usage of an array as a source return does not make the array tainted,FALSE,TRUE,"",TRUE,FALSE,FALSE,FALSE,FALSE,TRUE,TRUE,FALSE,FALSE,TRUE,FALSE,TRUE,FALSE,FALSE
BenchmarkTest01608,FALSE,usage of an array as a source return does not make the array tainted,FALSE,TRUE,"",TRUE,FALSE,FALSE,FALSE,FALSE,TRUE,TRUE,FALSE,FALSE,TRUE,FALSE,TRUE,FALSE,FALSE
BenchmarkTest01609,FALSE,usage of an array as a source return does not make the array tainted,TRUE,TRUE,"",TRUE,FALSE,FALSE,FALSE,FALSE,TRUE,TRUE,FALSE,FALSE,TRUE,FALSE,TRUE,FALSE,FALSE
BenchmarkTest01610,FALSE,usage of an array as a source return does not make the array tainted,TRUE,UNSURE,org.apache.commons.codec.binary.Base64 no class def + utbot fails on this example,TRUE,FALSE,FALSE,FALSE,FALSE,TRUE,TRUE,FALSE,FALSE,TRUE,FALSE,TRUE,TRUE,FALSE
BenchmarkTest01672,FALSE,creation of an array with a tainted value does not taint the array,FALSE,FALSE,difficult string manipulation + org.apache.commons.codec.binary.Base64 no class def,TRUE,FALSE,FALSE,TRUE,FALSE,FALSE,TRUE,TRUE,FALSE,FALSE,FALSE,TRUE,FALSE,FALSE
BenchmarkTest01673,FALSE,addition of a tainted value to a list does not taint the list,TRUE,FALSE,difficult string manipulation + org.apache.commons.codec.binary.Base64 no class def,TRUE,FALSE,FALSE,TRUE,FALSE,FALSE,TRUE,TRUE,FALSE,FALSE,FALSE,TRUE,FALSE,FALSE
BenchmarkTest01674,FALSE,creation of an array with a tainted value does not taint the array,TRUE,FALSE,difficult string manipulation + reflection,TRUE,FALSE,FALSE,TRUE,FALSE,FALSE,TRUE,TRUE,FALSE,FALSE,FALSE,TRUE,FALSE,FALSE
BenchmarkTest01685,FALSE,creation of an array with a tainted value does not taint the array,TRUE,FALSE,difficult string manipulation + org.apache.commons.codec.binary.Base64 no class def,TRUE,FALSE,FALSE,TRUE,FALSE,TRUE,TRUE,FALSE,FALSE,TRUE,FALSE,TRUE,FALSE,FALSE
BenchmarkTest01686,FALSE,creation of an array with a tainted value does not taint the array,FALSE,FALSE,difficult string manipulation + org.apache.commons.codec.binary.Base64 no class def,FALSE,FALSE,FALSE,TRUE,FALSE,TRUE,TRUE,FALSE,FALSE,TRUE,FALSE,TRUE,FALSE,FALSE
BenchmarkTest01687,FALSE,creation of an array with a tainted value does not taint the array,FALSE,FALSE,difficult string manipulation + org.apache.commons.codec.binary.Base64 no class def,TRUE,FALSE,FALSE,TRUE,FALSE,TRUE,TRUE,FALSE,FALSE,TRUE,FALSE,TRUE,FALSE,FALSE
BenchmarkTest01688,TRUE,does not rely on actual results of int calculations - overapproximation,FALSE,FALSE,difficult string manipulation + org.apache.commons.codec.binary.Base64 no class def,TRUE,FALSE,FALSE,TRUE,FALSE,TRUE,TRUE,FALSE,FALSE,TRUE,FALSE,TRUE,FALSE,FALSE
BenchmarkTest01689,TRUE,"",TRUE,FALSE,difficult string manipulation + org.apache.commons.codec.binary.Base64 no class def,TRUE,FALSE,FALSE,TRUE,FALSE,TRUE,TRUE,FALSE,FALSE,TRUE,FALSE,TRUE,FALSE,FALSE
BenchmarkTest01690,FALSE,creation of an array with a tainted value does not taint the array,TRUE,FALSE,difficult string manipulation + org.apache.commons.codec.binary.Base64 no class def,FALSE,FALSE,FALSE,TRUE,FALSE,TRUE,TRUE,FALSE,FALSE,TRUE,FALSE,TRUE,FALSE,FALSE
BenchmarkTest01691,FALSE,creation of an array with a tainted value does not taint the array,TRUE,FALSE,difficult string manipulation + org.apache.commons.codec.binary.Base64 no class def,FALSE,FALSE,FALSE,TRUE,FALSE,TRUE,TRUE,FALSE,FALSE,TRUE,FALSE,TRUE,FALSE,FALSE
BenchmarkTest01692,TRUE,?,FALSE,FALSE,org.apache.commons.codec.binary.Base64 no class def + utbot fails on this example + reflection,TRUE,FALSE,FALSE,TRUE,FALSE,TRUE,TRUE,FALSE,FALSE,TRUE,FALSE,TRUE,TRUE,TRUE
BenchmarkTest01693,TRUE,does not rely on actual results of int calculations - overapproximation,FALSE,FALSE,difficult string manipulation + org.apache.commons.codec.binary.Base64 no class def,TRUE,FALSE,FALSE,TRUE,FALSE,TRUE,TRUE,FALSE,FALSE,TRUE,FALSE,TRUE,FALSE,FALSE
BenchmarkTest01778,FALSE,creation of an array with a tainted value does not taint the array,FALSE,FALSE,reflection,TRUE,FALSE,FALSE,FALSE,FALSE,FALSE,TRUE,TRUE,FALSE,FALSE,TRUE,TRUE,FALSE,FALSE
BenchmarkTest01779,FALSE,addition of tainted data into a list does not taint the list,FALSE,TRUE,"",TRUE,FALSE,FALSE,FALSE,FALSE,FALSE,TRUE,TRUE,FALSE,FALSE,TRUE,TRUE,FALSE,FALSE
BenchmarkTest01780,FALSE,addition of tainted data to a map does not taint the map,FALSE,TRUE,"",TRUE,FALSE,FALSE,FALSE,FALSE,FALSE,TRUE,TRUE,FALSE,FALSE,TRUE,TRUE,FALSE,FALSE
BenchmarkTest01791,TRUE,does not rely on actual results of int calculations - overapproximation,FALSE,TRUE,"",TRUE,FALSE,FALSE,FALSE,FALSE,TRUE,TRUE,FALSE,FALSE,TRUE,TRUE,TRUE,FALSE,FALSE
BenchmarkTest01792,FALSE,creation of an array with a tainted value does not taint the array,FALSE,TRUE,"",TRUE,FALSE,FALSE,FALSE,FALSE,TRUE,TRUE,FALSE,FALSE,TRUE,TRUE,TRUE,FALSE,FALSE
BenchmarkTest01793,FALSE,creation of an array with a tainted value does not taint the array,FALSE,TRUE,"",FALSE,FALSE,FALSE,FALSE,FALSE,TRUE,TRUE,FALSE,FALSE,TRUE,TRUE,TRUE,FALSE,FALSE
BenchmarkTest01794,FALSE,creation of an array with a tainted value does not taint the array,FALSE,TRUE,"",TRUE,FALSE,FALSE,FALSE,FALSE,TRUE,TRUE,FALSE,FALSE,TRUE,TRUE,TRUE,FALSE,FALSE
BenchmarkTest01795,FALSE,addition of tainted data into a list does not taint the list,FALSE,TRUE,"",TRUE,FALSE,FALSE,FALSE,FALSE,TRUE,TRUE,FALSE,FALSE,TRUE,TRUE,TRUE,FALSE,FALSE
BenchmarkTest01796,FALSE,creation of an array with a tainted value does not taint the array,FALSE,TRUE,"",TRUE,FALSE,FALSE,FALSE,FALSE,TRUE,TRUE,FALSE,FALSE,TRUE,TRUE,TRUE,FALSE,FALSE
BenchmarkTest01850,FALSE,usage of an array as a source return does not make the array tainted,TRUE,TRUE,"",TRUE,FALSE,TRUE,TRUE,TRUE,FALSE,TRUE,TRUE,FALSE,FALSE,FALSE,TRUE,FALSE,FALSE
BenchmarkTest01851,FALSE,usage of an array as a source return does not make the array tainted,TRUE,TRUE,"",TRUE,FALSE,TRUE,TRUE,TRUE,FALSE,TRUE,TRUE,FALSE,FALSE,FALSE,TRUE,FALSE,FALSE
BenchmarkTest01852,FALSE,usage of an array as a source return does not make the array tainted,TRUE,TRUE,"",TRUE,FALSE,TRUE,TRUE,TRUE,FALSE,TRUE,TRUE,FALSE,FALSE,FALSE,TRUE,FALSE,FALSE
BenchmarkTest01864,FALSE,usage of an array as a source return does not make the array tainted,TRUE,TRUE,"",TRUE,FALSE,TRUE,TRUE,TRUE,TRUE,TRUE,FALSE,FALSE,TRUE,FALSE,TRUE,FALSE,FALSE
BenchmarkTest01865,FALSE,usage of an array as a source return does not make the array tainted,FALSE,TRUE,"",TRUE,FALSE,TRUE,TRUE,TRUE,TRUE,TRUE,FALSE,FALSE,TRUE,FALSE,TRUE,FALSE,FALSE
BenchmarkTest01928,FALSE,addition of a tainted value to a list does not taint the list,TRUE,TRUE,"",TRUE,FALSE,FALSE,TRUE,FALSE,FALSE,TRUE,TRUE,FALSE,FALSE,FALSE,TRUE,FALSE,FALSE
BenchmarkTest01929,FALSE,addition of tainted data to a map does not taint the map,TRUE,TRUE,"",TRUE,FALSE,FALSE,TRUE,FALSE,FALSE,TRUE,TRUE,FALSE,FALSE,FALSE,TRUE,FALSE,FALSE
BenchmarkTest01936,FALSE,addition of tainted data into a list does not taint the list,TRUE,TRUE,"",TRUE,FALSE,FALSE,TRUE,FALSE,TRUE,TRUE,FALSE,FALSE,TRUE,FALSE,TRUE,FALSE,FALSE
BenchmarkTest01937,FALSE,addition of tainted data into a list does not taint the list,FALSE,TRUE,"",TRUE,FALSE,FALSE,TRUE,FALSE,TRUE,TRUE,FALSE,FALSE,TRUE,FALSE,TRUE,FALSE,FALSE
BenchmarkTest01938,FALSE,addition of tainted data into a list does not taint the list,TRUE,TRUE,"",TRUE,FALSE,FALSE,TRUE,FALSE,TRUE,TRUE,FALSE,FALSE,TRUE,FALSE,TRUE,FALSE,FALSE
BenchmarkTest01939,FALSE,creation of an array with a tainted value does not taint the array,FALSE,TRUE,"",TRUE,FALSE,FALSE,TRUE,FALSE,TRUE,TRUE,FALSE,FALSE,TRUE,FALSE,TRUE,FALSE,FALSE
BenchmarkTest01940,FALSE,string decoding operations,TRUE,UNSURE,org.apache.commons.codec.binary.Base64 no class def + utbot fails on this example,TRUE,FALSE,FALSE,TRUE,FALSE,TRUE,TRUE,FALSE,FALSE,TRUE,FALSE,TRUE,TRUE,FALSE
BenchmarkTest01941,FALSE,difficult dataflow,FALSE,FALSE,org.apache.commons.codec.binary.Base64 no class def + utbot fails on this example + reflection,FALSE,FALSE,FALSE,TRUE,FALSE,TRUE,TRUE,FALSE,FALSE,TRUE,FALSE,TRUE,TRUE,TRUE
BenchmarkTest01942,TRUE,"",TRUE,TRUE,"",TRUE,FALSE,FALSE,TRUE,FALSE,TRUE,TRUE,FALSE,FALSE,TRUE,FALSE,TRUE,FALSE,FALSE
BenchmarkTest01943,FALSE,addition of tainted data to a map does not taint the map,FALSE,TRUE,"",TRUE,FALSE,FALSE,TRUE,FALSE,TRUE,TRUE,FALSE,FALSE,TRUE,FALSE,TRUE,FALSE,FALSE
BenchmarkTest01944,TRUE,"",TRUE,TRUE,"",TRUE,FALSE,FALSE,TRUE,FALSE,TRUE,TRUE,FALSE,FALSE,TRUE,FALSE,TRUE,FALSE,FALSE
BenchmarkTest02058,FALSE,addition of tainted data into a list does not taint the list,FALSE,TRUE,"",TRUE,FALSE,FALSE,TRUE,FALSE,FALSE,TRUE,TRUE,TRUE,FALSE,FALSE,TRUE,FALSE,FALSE
BenchmarkTest02059,FALSE,addition of tainted data to a map does not taint the map,TRUE,TRUE,"",TRUE,FALSE,FALSE,TRUE,FALSE,FALSE,TRUE,TRUE,TRUE,FALSE,FALSE,TRUE,FALSE,FALSE
BenchmarkTest02067,FALSE,creation of an array with a tainted value does not taint the array,FALSE,TRUE,"",TRUE,FALSE,FALSE,TRUE,FALSE,TRUE,TRUE,FALSE,TRUE,TRUE,FALSE,TRUE,FALSE,FALSE
BenchmarkTest02068,FALSE,creation of an array with a tainted value does not taint the array,FALSE,TRUE,"",TRUE,FALSE,FALSE,TRUE,FALSE,TRUE,TRUE,FALSE,TRUE,TRUE,FALSE,TRUE,FALSE,FALSE
BenchmarkTest02069,TRUE,does not rely on the actual value that is picked via charAt(idx) - overapproximation,FALSE,TRUE,"",TRUE,FALSE,FALSE,TRUE,FALSE,TRUE,TRUE,FALSE,TRUE,TRUE,FALSE,TRUE,FALSE,FALSE
BenchmarkTest02070,FALSE,creation of an array with a tainted value does not taint the array,TRUE,TRUE,"",TRUE,FALSE,FALSE,TRUE,FALSE,TRUE,TRUE,FALSE,TRUE,TRUE,FALSE,TRUE,FALSE,FALSE
BenchmarkTest02137,FALSE,addition of a tainted value to a list does not taint the list,TRUE,TRUE,"",TRUE,FALSE,FALSE,FALSE,FALSE,FALSE,TRUE,TRUE,FALSE,FALSE,FALSE,TRUE,FALSE,FALSE
BenchmarkTest02146,FALSE,addition of tainted data into a list does not taint the list,TRUE,TRUE,"",TRUE,FALSE,FALSE,FALSE,FALSE,TRUE,TRUE,FALSE,FALSE,TRUE,FALSE,TRUE,FALSE,FALSE
BenchmarkTest02147,TRUE,"",TRUE,TRUE,"",TRUE,FALSE,FALSE,FALSE,FALSE,TRUE,TRUE,FALSE,FALSE,TRUE,FALSE,TRUE,FALSE,FALSE
BenchmarkTest02148,FALSE,difficult dataflow,FALSE,FALSE,org.apache.commons.codec.binary.Base64 no class def + utbot fails on this example + reflection,TRUE,FALSE,FALSE,FALSE,FALSE,TRUE,TRUE,FALSE,FALSE,TRUE,FALSE,TRUE,TRUE,TRUE
BenchmarkTest02149,FALSE,creation of an array with a tainted value does not taint the array,FALSE,TRUE,"",TRUE,FALSE,FALSE,FALSE,FALSE,TRUE,TRUE,FALSE,FALSE,TRUE,FALSE,TRUE,FALSE,FALSE
BenchmarkTest02150,FALSE,creation of an array with a tainted value does not taint the array,TRUE,TRUE,"",TRUE,FALSE,FALSE,FALSE,FALSE,TRUE,TRUE,FALSE,FALSE,TRUE,FALSE,TRUE,FALSE,FALSE
BenchmarkTest02151,FALSE,addition of tainted data into a list does not taint the list,TRUE,TRUE,"",TRUE,FALSE,FALSE,FALSE,FALSE,TRUE,TRUE,FALSE,FALSE,TRUE,FALSE,TRUE,FALSE,FALSE
BenchmarkTest02152,FALSE,string decoding operations,TRUE,UNSURE,org.apache.commons.codec.binary.Base64 no class def + utbot fails on this example,TRUE,FALSE,FALSE,FALSE,FALSE,TRUE,TRUE,FALSE,FALSE,TRUE,FALSE,TRUE,TRUE,FALSE
BenchmarkTest02153,FALSE,difficult dataflow,FALSE,FALSE,org.apache.commons.codec.binary.Base64 no class def + utbot fails on this example + reflection,TRUE,FALSE,FALSE,FALSE,FALSE,TRUE,TRUE,FALSE,FALSE,TRUE,FALSE,TRUE,TRUE,TRUE
BenchmarkTest02154,TRUE,"",TRUE,TRUE,"",TRUE,FALSE,FALSE,FALSE,FALSE,TRUE,TRUE,FALSE,FALSE,TRUE,FALSE,TRUE,FALSE,FALSE
BenchmarkTest02155,FALSE,addition of tainted data into a list does not taint the list,TRUE,TRUE,"",TRUE,FALSE,FALSE,FALSE,FALSE,TRUE,TRUE,FALSE,FALSE,TRUE,FALSE,TRUE,FALSE,FALSE
BenchmarkTest02156,FALSE,creation of an array with a tainted value does not taint the array,FALSE,TRUE,"",TRUE,FALSE,FALSE,FALSE,FALSE,TRUE,TRUE,FALSE,FALSE,TRUE,FALSE,TRUE,FALSE,FALSE
BenchmarkTest02242,FALSE,data access from a tainted array does not make data tainted,FALSE,FALSE,org.apache.commons.codec.binary.Base64 no class def + utbot fails on this example + reflection,TRUE,FALSE,FALSE,FALSE,FALSE,FALSE,TRUE,TRUE,FALSE,FALSE,FALSE,TRUE,TRUE,TRUE
BenchmarkTest02243,FALSE,data access from a tainted array does not make data tainted,TRUE,TRUE,"",TRUE,FALSE,FALSE,FALSE,FALSE,FALSE,TRUE,TRUE,FALSE,FALSE,FALSE,TRUE,FALSE,FALSE
BenchmarkTest02244,FALSE,data access from a tainted array does not make data tainted,TRUE,FALSE,reflection,TRUE,FALSE,FALSE,FALSE,FALSE,FALSE,TRUE,TRUE,FALSE,FALSE,FALSE,TRUE,FALSE,FALSE
BenchmarkTest02249,FALSE,data access from a tainted array does not make data tainted,TRUE,TRUE,"",TRUE,FALSE,FALSE,FALSE,FALSE,TRUE,TRUE,FALSE,FALSE,TRUE,FALSE,TRUE,FALSE,FALSE
BenchmarkTest02250,FALSE,data access from a tainted array does not make data tainted,TRUE,TRUE,"",TRUE,FALSE,FALSE,FALSE,FALSE,TRUE,TRUE,FALSE,FALSE,TRUE,FALSE,TRUE,FALSE,FALSE
BenchmarkTest02251,FALSE,data access from a tainted array does not make data tainted,TRUE,TRUE,"",TRUE,FALSE,FALSE,FALSE,FALSE,TRUE,TRUE,FALSE,FALSE,TRUE,FALSE,TRUE,FALSE,FALSE
BenchmarkTest02252,FALSE,data access from a tainted array does not make data tainted,FALSE,TRUE,"",TRUE,FALSE,FALSE,FALSE,FALSE,TRUE,TRUE,FALSE,FALSE,TRUE,FALSE,TRUE,FALSE,FALSE
BenchmarkTest02253,FALSE,data access from a tainted array does not make data tainted,FALSE,TRUE,"",TRUE,FALSE,FALSE,FALSE,FALSE,TRUE,TRUE,FALSE,FALSE,TRUE,FALSE,TRUE,FALSE,FALSE
BenchmarkTest02333,FALSE,usage of an array as a source return does not make the array tainted,TRUE,FALSE,reflection,TRUE,TRUE,TRUE,FALSE,FALSE,FALSE,TRUE,TRUE,TRUE,FALSE,FALSE,TRUE,FALSE,FALSE
BenchmarkTest02334,FALSE,usage of an array as a source return does not make the array tainted,TRUE,TRUE,"",TRUE,TRUE,TRUE,FALSE,FALSE,FALSE,TRUE,TRUE,TRUE,FALSE,FALSE,TRUE,FALSE,FALSE
BenchmarkTest02335,FALSE,usage of an array as a source return does not make the array tainted,FALSE,TRUE,"",TRUE,TRUE,TRUE,FALSE,FALSE,FALSE,TRUE,TRUE,TRUE,FALSE,FALSE,TRUE,FALSE,FALSE
BenchmarkTest02336,FALSE,usage of an array as a source return does not make the array tainted,FALSE,FALSE,org.apache.commons.codec.binary.Base64 no class def + utbot fails on this example + reflection,TRUE,TRUE,TRUE,FALSE,FALSE,FALSE,TRUE,TRUE,TRUE,FALSE,FALSE,TRUE,TRUE,TRUE
BenchmarkTest02340,FALSE,usage of an array as a source return does not make the array tainted,FALSE,TRUE,"",TRUE,TRUE,TRUE,FALSE,FALSE,TRUE,TRUE,FALSE,TRUE,TRUE,FALSE,TRUE,FALSE,FALSE
BenchmarkTest02341,FALSE,usage of an array as a source return does not make the array tainted,FALSE,TRUE,"",TRUE,TRUE,TRUE,FALSE,FALSE,TRUE,TRUE,FALSE,TRUE,TRUE,FALSE,TRUE,FALSE,FALSE
BenchmarkTest02342,FALSE,usage of an array as a source return does not make the array tainted,TRUE,TRUE,"",TRUE,TRUE,TRUE,FALSE,FALSE,TRUE,TRUE,FALSE,TRUE,TRUE,FALSE,TRUE,FALSE,FALSE
BenchmarkTest02343,FALSE,usage of an array as a source return does not make the array tainted,TRUE,FALSE,reflection,TRUE,TRUE,TRUE,FALSE,FALSE,TRUE,TRUE,FALSE,TRUE,TRUE,FALSE,TRUE,FALSE,FALSE
BenchmarkTest02344,FALSE,usage of an array as a source return does not make the array tainted,TRUE,TRUE,"",TRUE,TRUE,TRUE,FALSE,FALSE,TRUE,TRUE,FALSE,TRUE,TRUE,FALSE,TRUE,FALSE,FALSE
BenchmarkTest02411,FALSE,addition of tainted data into a list does not taint the list,TRUE,TRUE,"",TRUE,FALSE,FALSE,FALSE,FALSE,FALSE,TRUE,TRUE,FALSE,FALSE,TRUE,TRUE,FALSE,FALSE
BenchmarkTest02412,FALSE,string decoding operations,TRUE,UNSURE,org.apache.commons.codec.binary.Base64 no class def + utbot fails on this example,TRUE,FALSE,FALSE,FALSE,FALSE,FALSE,TRUE,TRUE,FALSE,FALSE,TRUE,TRUE,TRUE,FALSE
BenchmarkTest02413,FALSE,creation of an array with a tainted value does not taint the array,FALSE,TRUE,"",TRUE,FALSE,FALSE,FALSE,FALSE,FALSE,TRUE,TRUE,FALSE,FALSE,TRUE,TRUE,FALSE,FALSE
BenchmarkTest02414,FALSE,addition of a tainted value to a list does not taint the list,TRUE,TRUE,"",TRUE,FALSE,FALSE,FALSE,FALSE,FALSE,TRUE,TRUE,FALSE,FALSE,TRUE,TRUE,FALSE,FALSE
BenchmarkTest02428,FALSE,addition of tainted data to a map does not taint the map,FALSE,TRUE,"",TRUE,FALSE,FALSE,FALSE,FALSE,TRUE,TRUE,FALSE,FALSE,TRUE,TRUE,TRUE,FALSE,FALSE
BenchmarkTest02429,FALSE,creation of an array with a tainted value does not taint the array,TRUE,FALSE,reflection,TRUE,FALSE,FALSE,FALSE,FALSE,TRUE,TRUE,FALSE,FALSE,TRUE,TRUE,TRUE,FALSE,FALSE
BenchmarkTest02430,FALSE,string decoding operations,TRUE,UNSURE,org.apache.commons.codec.binary.Base64 no class def + utbot fails on this example,TRUE,FALSE,FALSE,FALSE,FALSE,TRUE,TRUE,FALSE,FALSE,TRUE,TRUE,TRUE,TRUE,FALSE
BenchmarkTest02431,FALSE,addition of tainted data to a map does not taint the map,TRUE,TRUE,"",FALSE,FALSE,FALSE,FALSE,FALSE,TRUE,TRUE,FALSE,FALSE,TRUE,TRUE,TRUE,FALSE,FALSE
BenchmarkTest02432,FALSE,addition of tainted data to a map does not taint the map,TRUE,TRUE,"",TRUE,FALSE,FALSE,FALSE,FALSE,TRUE,TRUE,FALSE,FALSE,TRUE,TRUE,TRUE,FALSE,FALSE
BenchmarkTest02433,FALSE,creation of an array with a tainted value does not taint the array,TRUE,FALSE,reflection,TRUE,FALSE,FALSE,FALSE,FALSE,TRUE,TRUE,FALSE,FALSE,TRUE,TRUE,TRUE,FALSE,FALSE
BenchmarkTest02496,FALSE,usage of an array as a source return does not make the array tainted,TRUE,TRUE,"",TRUE,FALSE,FALSE,FALSE,FALSE,FALSE,TRUE,TRUE,FALSE,FALSE,FALSE,TRUE,FALSE,FALSE
BenchmarkTest02510,FALSE,usage of an array as a source return does not make the array tainted,FALSE,FALSE,org.apache.commons.codec.binary.Base64 no class def + utbot fails on this example + reflection,FALSE,FALSE,FALSE,FALSE,FALSE,TRUE,TRUE,FALSE,FALSE,TRUE,FALSE,TRUE,TRUE,TRUE
BenchmarkTest02511,FALSE,usage of an array as a source return does not make the array tainted,TRUE,TRUE,"",FALSE,FALSE,FALSE,FALSE,FALSE,TRUE,TRUE,FALSE,FALSE,TRUE,FALSE,TRUE,FALSE,FALSE
BenchmarkTest02512,FALSE,usage of an array as a source return does not make the array tainted,TRUE,TRUE,"",TRUE,FALSE,FALSE,FALSE,FALSE,TRUE,TRUE,FALSE,FALSE,TRUE,FALSE,TRUE,FALSE,FALSE
BenchmarkTest02513,FALSE,usage of an array as a source return does not make the array tainted,FALSE,TRUE,"",TRUE,FALSE,FALSE,FALSE,FALSE,TRUE,TRUE,FALSE,FALSE,TRUE,FALSE,TRUE,FALSE,FALSE
BenchmarkTest02514,FALSE,usage of an array as a source return does not make the array tainted,TRUE,UNSURE,org.apache.commons.codec.binary.Base64 no class def + utbot fails on this example,FALSE,FALSE,FALSE,FALSE,FALSE,TRUE,TRUE,FALSE,FALSE,TRUE,FALSE,TRUE,TRUE,FALSE
BenchmarkTest02515,FALSE,usage of an array as a source return does not make the array tainted,TRUE,FALSE,reflection,FALSE,FALSE,FALSE,FALSE,FALSE,TRUE,TRUE,FALSE,FALSE,TRUE,FALSE,TRUE,FALSE,FALSE
BenchmarkTest02516,FALSE,usage of an array as a source return does not make the array tainted,TRUE,TRUE,"",TRUE,FALSE,FALSE,FALSE,FALSE,TRUE,TRUE,FALSE,FALSE,TRUE,FALSE,TRUE,FALSE,FALSE
BenchmarkTest02517,FALSE,usage of an array as a source return does not make the array tainted,TRUE,FALSE,reflection,TRUE,FALSE,FALSE,FALSE,FALSE,TRUE,TRUE,FALSE,FALSE,TRUE,FALSE,TRUE,FALSE,FALSE
BenchmarkTest02518,FALSE,usage of an array as a source return does not make the array tainted,FALSE,TRUE,"",TRUE,FALSE,FALSE,FALSE,FALSE,TRUE,TRUE,FALSE,FALSE,TRUE,FALSE,TRUE,FALSE,FALSE
BenchmarkTest02610,FALSE,addition of tainted data into a list does not taint the list,FALSE,FALSE,difficult string manipulation + org.apache.commons.codec.binary.Base64 no class def,TRUE,FALSE,FALSE,TRUE,FALSE,TRUE,TRUE,FALSE,FALSE,TRUE,FALSE,TRUE,FALSE,FALSE
BenchmarkTest02611,FALSE,creation of an array with a tainted value does not taint the array,TRUE,FALSE,difficult string manipulation + reflection,TRUE,FALSE,FALSE,TRUE,FALSE,TRUE,TRUE,FALSE,FALSE,TRUE,FALSE,TRUE,FALSE,FALSE
BenchmarkTest02612,FALSE,creation of an array with a tainted value does not taint the array,TRUE,FALSE,difficult string manipulation + reflection,TRUE,FALSE,FALSE,TRUE,FALSE,TRUE,TRUE,FALSE,FALSE,TRUE,FALSE,TRUE,FALSE,FALSE
BenchmarkTest02613,FALSE,creation of an array with a tainted value does not taint the array,TRUE,FALSE,difficult string manipulation + org.apache.commons.codec.binary.Base64 no class def,TRUE,FALSE,FALSE,TRUE,FALSE,TRUE,TRUE,FALSE,FALSE,TRUE,FALSE,TRUE,FALSE,FALSE
BenchmarkTest02697,FALSE,addition of tainted data to a map does not taint the map,FALSE,TRUE,"",TRUE,FALSE,FALSE,FALSE,FALSE,FALSE,TRUE,TRUE,FALSE,FALSE,TRUE,TRUE,FALSE,FALSE
BenchmarkTest02698,FALSE,addition of a tainted value to a list does not taint the list,FALSE,FALSE,reflection,TRUE,FALSE,FALSE,FALSE,FALSE,FALSE,TRUE,TRUE,FALSE,FALSE,TRUE,TRUE,FALSE,FALSE
BenchmarkTest02699,FALSE,creation of an array with a tainted value does not taint the array,FALSE,TRUE,"",TRUE,FALSE,FALSE,FALSE,FALSE,FALSE,TRUE,TRUE,FALSE,FALSE,TRUE,TRUE,FALSE,FALSE
BenchmarkTest02713,FALSE,creation of an array with a tainted value does not taint the array,FALSE,TRUE,"",TRUE,FALSE,FALSE,FALSE,FALSE,TRUE,TRUE,FALSE,FALSE,TRUE,TRUE,TRUE,FALSE,FALSE
BenchmarkTest02714,FALSE,addition of tainted data into a list does not taint the list,FALSE,TRUE,"",TRUE,FALSE,FALSE,FALSE,FALSE,TRUE,TRUE,FALSE,FALSE,TRUE,TRUE,TRUE,FALSE,FALSE
